{"cameraMode":{"drawMode":0,"name":"Shaded","section":"Shading Mode"},"sceneLighting":true,"audioPlay":false,"sceneViewState":{"showFog":true,"showMaterialUpdate":true,"showSkybox":true,"showFlares":true,"showImageEffects":true,"showParticleSystems":true},"in2DMode":false,"pivot":{"x":0.3737826645374298,"y":0.4264281988143921,"z":0.15971478819847108},"rotation":{"x":0.15941095352172852,"y":-0.20801253616809846,"z":0.034343961626291278,"w":0.9644373655319214},"size":0.6906906366348267,"orthographic":true}