{"cameraMode":{"drawMode":0,"name":"Shaded","section":"Shading Mode"},"sceneLighting":false,"audioPlay":false,"sceneViewState":{"showFog":true,"showMaterialUpdate":false,"showSkybox":false,"showFlares":true,"showImageEffects":true,"showParticleSystems":true},"in2DMode":false,"pivot":{"x":0.03076164424419403,"y":0.41311031579971316,"z":0.14213871955871583},"rotation":{"x":0.07043039798736572,"y":-0.09442652016878128,"z":0.0066134086810052399,"w":0.9930153489112854},"size":1.5869193077087403,"orthographic":true}